ID,Class
6284,H
6285,E
6286,I
6287,D
6288,e
6289,E
6290,0
6291,E
6292,B
6293,H
6294,N
6295,W
6296,k
6297,H
6298,e
6299,A
6300,A
6301,A
6302,X
6303,S
6304,M
6305,C
6306,a
6307,H
6308,R
6309,S
6310,E
6311,U
6312,n
6313,r
6314,A
6315,W
6316,e
6317,v
6318,e
6319,A
6320,L
6321,U
6322,O
6323,i
6324,W
6325,I
6326,e
6327,A
6328,R
6329,I
6330,u
6331,A
6332,i
6333,v
6334,C
6335,E
6336,i
6337,I
6338,H
6339,A
6340,e
6341,E
6342,A
6343,8
6344,o
6345,P
6346,E
6347,2
6348,i
6349,E
6350,C
6351,P
6352,N
6353,I
6354,O
6355,6
6356,o
6357,J
6358,r
6359,N
6360,D
6361,W
6362,a
6363,R
6364,A
6365,M
6366,P
6367,p
6368,H
6369,I
6370,Y
6371,A
6372,N
6373,R
6374,E
6375,E
6376,E
6377,A
6378,E
6379,s
6380,T
6381,M
6382,O
6383,E
6384,R
6385,e
6386,S
6387,A
6388,n
6389,o
6390,A
6391,E
6392,T
6393,e
6394,A
6395,R
6396,i
6397,e
6398,S
6399,A
6400,l
6401,S
6402,a
6403,E
6404,A
6405,I
6406,n
6407,m
6408,I
6409,s
6410,N
6411,C
6412,l
6413,o
6414,R
6415,P
6416,N
6417,o
6418,R
6419,N
6420,P
6421,e
6422,O
6423,N
6424,S
6425,i
6426,R
6427,4
6428,A
6429,D
6430,A
6431,2
6432,J
6433,S
6434,S
6435,B
6436,I
6437,T
6438,P
6439,O
6440,L
6441,O
6442,e
6443,m
6444,s
6445,I
6446,E
6447,E
6448,N
6449,A
6450,I
6451,L
6452,A
6453,t
6454,R
6455,E
6456,R
6457,B
6458,I
6459,T
6460,H
6461,N
6462,A
6463,r
6464,R
6465,C
6466,P
6467,C
6468,A
6469,A
6470,u
6471,H
6472,A
6473,A
6474,E
6475,N
6476,A
6477,E
6478,G
6479,A
6480,y
6481,S
6482,R
6483,T
6484,D
6485,H
6486,m
6487,A
6488,A
6489,P
6490,c
6491,D
6492,P
6493,A
6494,V
6495,k
6496,A
6497,E
6498,R
6499,U
6500,E
6501,i
6502,A
6503,o
6504,A
6505,E
6506,1
6507,I
6508,E
6509,E
6510,H
6511,B
6512,e
6513,r
6514,M
6515,a
6516,N
6517,S
6518,A
6519,I
6520,O
6521,e
6522,R
6523,e
6524,S
6525,L
6526,E
6527,9
6528,o
6529,i
6530,I
6531,2
6532,N
6533,E
6534,a
6535,C
6536,i
6537,R
6538,t
6539,n
6540,e
6541,O
6542,R
6543,E
6544,O
6545,h
6546,A
6547,I
6548,B
6549,J
6550,A
6551,P
6552,N
6553,A
6554,e
6555,I
6556,W
6557,A
6558,C
6559,I
6560,e
6561,B
6562,O
6563,r
6564,G
6565,E
6566,E
6567,A
6568,t
6569,S
6570,F
6571,I
6572,O
6573,N
6574,s
6575,O
6576,H
6577,a
6578,D
6579,E
6580,A
6581,X
6582,S
6583,A
6584,G
6585,T
6586,i
6587,e
6588,C
6589,I
6590,A
6591,E
6592,s
6593,E
6594,e
6595,e
6596,d
6597,o
6598,I
6599,A
6600,I
6601,o
6602,P
6603,E
6604,V
6605,S
6606,L
6607,e
6608,i
6609,T
6610,H
6611,0
6612,E
6613,R
6614,O
6615,C
6616,G
6617,P
6618,M
6619,A
6620,R
6621,E
6622,C
6623,o
6624,A
6625,n
6626,G
6627,P
6628,O
6629,E
6630,K
6631,D
6632,T
6633,U
6634,F
6635,B
6636,u
6637,A
6638,T
6639,E
6640,C
6641,T
6642,P
6643,O
6644,S
6645,B
6646,i
6647,C
6648,E
6649,u
6650,P
6651,P
6652,t
6653,o
6654,N
6655,r
6656,M
6657,P
6658,R
6659,E
6660,C
6661,E
6662,L
6663,H
6664,2
6665,E
6666,R
6667,o
6668,A
6669,o
6670,I
6671,D
6672,i
6673,O
6674,R
6675,P
6676,S
6677,A
6678,P
6679,i
6680,L
6681,T
6682,E
6683,L
6684,A
6685,u
6686,N
6687,A
6688,R
6689,L
6690,A
6691,S
6692,T
6693,A
6694,M
6695,P
6696,F
6697,E
6698,P
6699,I
6700,T
6701,0
6702,R
6703,S
6704,D
6705,e
6706,M
6707,L
6708,l
6709,S
6710,l
6711,O
6712,n
6713,T
6714,e
6715,e
6716,A
6717,E
6718,A
6719,O
6720,V
6721,S
6722,B
6723,M
6724,n
6725,M
6726,T
6727,N
6728,E
6729,o
6730,S
6731,J
6732,T
6733,e
6734,L
6735,l
6736,o
6737,D
6738,R
6739,n
6740,E
6741,N
6742,T
6743,E
6744,A
6745,C
6746,R
6747,N
6748,a
6749,N
6750,l
6751,t
6752,t
6753,n
6754,e
6755,U
6756,E
6757,9
6758,R
6759,A
6760,T
6761,e
6762,a
6763,S
6764,u
6765,S
6766,I
6767,U
6768,E
6769,o
6770,e
6771,A
6772,I
6773,R
6774,V
6775,T
6776,A
6777,S
6778,o
6779,o
6780,C
6781,a
6782,A
6783,A
6784,T
6785,C
6786,t
6787,T
6788,B
6789,a
6790,0
6791,i
6792,N
6793,O
6794,M
6795,T
6796,B
6797,A
6798,B
6799,O
6800,i
6801,P
6802,D
6803,A
6804,A
6805,a
6806,T
6807,E
6808,C
6809,P
6810,D
6811,J
6812,E
6813,S
6814,A
6815,D
6816,A
6817,E
6818,t
6819,O
6820,A
6821,E
6822,S
6823,E
6824,L
6825,H
6826,S
6827,N
6828,N
6829,P
6830,R
6831,a
6832,C
6833,E
6834,S
6835,E
6836,E
6837,A
6838,A
6839,l
6840,I
6841,I
6842,a
6843,E
6844,A
6845,o
6846,e
6847,o
6848,A
6849,i
6850,h
6851,a
6852,i
6853,e
6854,E
6855,o
6856,H
6857,I
6858,N
6859,A
6860,a
6861,E
6862,E
6863,T
6864,E
6865,I
6866,E
6867,A
6868,T
6869,A
6870,E
6871,L
6872,T
6873,O
6874,S
6875,N
6876,1
6877,N
6878,L
6879,i
6880,a
6881,A
6882,0
6883,y
6884,L
6885,L
6886,I
6887,A
6888,A
6889,E
6890,B
6891,S
6892,i
6893,I
6894,C
6895,I
6896,J
6897,S
6898,i
6899,A
6900,a
6901,U
6902,o
6903,R
6904,S
6905,C
6906,I
6907,A
6908,B
6909,A
6910,L
6911,I
6912,R
6913,E
6914,I
6915,O
6916,I
6917,e
6918,o
6919,A
6920,R
6921,V
6922,A
6923,1
6924,A
6925,B
6926,P
6927,N
6928,E
6929,A
6930,R
6931,N
6932,O
6933,A
6934,C
6935,L
6936,n
6937,P
6938,P
6939,A
6940,D
6941,A
6942,R
6943,r
6944,O
6945,C
6946,M
6947,l
6948,t
6949,1
6950,L
6951,V
6952,a
6953,P
6954,n
6955,I
6956,o
6957,N
6958,E
6959,0
6960,P
6961,E
6962,S
6963,E
6964,o
6965,A
6966,E
6967,N
6968,V
6969,Y
6970,I
6971,i
6972,9
6973,L
6974,T
6975,t
6976,e
6977,a
6978,0
6979,C
6980,i
6981,b
6982,M
6983,A
6984,2
6985,D
6986,r
6987,P
6988,A
6989,P
6990,R
6991,I
6992,t
6993,T
6994,S
6995,N
6996,i
6997,H
6998,I
6999,L
7000,A
7001,A
7002,I
7003,w
7004,E
7005,l
7006,P
7007,E
7008,E
7009,I
7010,A
7011,E
7012,O
7013,i
7014,o
7015,J
7016,A
7017,e
7018,L
7019,i
7020,A
7021,M
7022,W
7023,O
7024,P
7025,w
7026,p
7027,a
7028,o
7029,y
7030,C
7031,R
7032,T
7033,e
7034,o
7035,t
7036,A
7037,E
7038,A
7039,T
7040,A
7041,C
7042,0
7043,Y
7044,E
7045,E
7046,o
7047,S
7048,R
7049,I
7050,I
7051,O
7052,1
7053,e
7054,Z
7055,E
7056,C
7057,E
7058,I
7059,E
7060,A
7061,R
7062,T
7063,C
7064,N
7065,o
7066,s
7067,i
7068,I
7069,D
7070,F
7071,a
7072,7
7073,P
7074,2
7075,E
7076,A
7077,O
7078,P
7079,C
7080,i
7081,A
7082,4
7083,o
7084,P
7085,A
7086,P
7087,h
7088,I
7089,A
7090,A
7091,R
7092,P
7093,R
7094,e
7095,e
7096,x
7097,O
7098,E
7099,e
7100,T
7101,U
7102,D
7103,L
7104,1
7105,G
7106,r
7107,L
7108,O
7109,A
7110,t
7111,A
7112,Y
7113,i
7114,e
7115,E
7116,A
7117,L
7118,A
7119,S
7120,i
7121,R
7122,n
7123,E
7124,B
7125,S
7126,P
7127,e
7128,A
7129,e
7130,A
7131,O
7132,S
7133,W
7134,N
7135,L
7136,r
7137,b
7138,E
7139,E
7140,i
7141,l
7142,A
7143,o
7144,A
7145,t
7146,i
7147,e
7148,W
7149,O
7150,i
7151,A
7152,E
7153,P
7154,o
7155,A
7156,a
7157,E
7158,P
7159,a
7160,E
7161,P
7162,a
7163,h
7164,t
7165,A
7166,L
7167,X
7168,E
7169,N
7170,2
7171,O
7172,R
7173,C
7174,A
7175,A
7176,i
7177,m
7178,A
7179,V
7180,h
7181,A
7182,H
7183,S
7184,e
7185,Z
7186,A
7187,R
7188,T
7189,V
7190,B
7191,e
7192,A
7193,i
7194,S
7195,S
7196,O
7197,P
7198,K
7199,O
7200,N
7201,A
7202,D
7203,A
7204,e
7205,e
7206,o
7207,T
7208,N
7209,P
7210,T
7211,0
7212,P
7213,E
7214,A
7215,D
7216,E
7217,i
7218,t
7219,I
7220,E
7221,A
7222,5
7223,R
7224,W
7225,E
7226,S
7227,e
7228,A
7229,O
7230,e
7231,A
7232,4
7233,R
7234,D
7235,u
7236,O
7237,P
7238,O
7239,E
7240,e
7241,L
7242,l
7243,S
7244,M
7245,N
7246,e
7247,o
7248,a
7249,D
7250,u
7251,0
7252,E
7253,E
7254,a
7255,A
7256,S
7257,d
7258,A
7259,A
7260,i
7261,E
7262,O
7263,E
7264,A
7265,A
7266,C
7267,S
7268,D
7269,a
7270,E
7271,m
7272,C
7273,R
7274,S
7275,S
7276,t
7277,Y
7278,N
7279,L
7280,x
7281,n
7282,X
7283,t
7284,i
7285,E
7286,E
7287,P
7288,t
7289,B
7290,A
7291,E
7292,i
7293,t
7294,B
7295,N
7296,B
7297,R
7298,k
7299,P
7300,o
7301,i
7302,E
7303,D
7304,I
7305,e
7306,B
7307,D
7308,P
7309,L
7310,A
7311,E
7312,t
7313,A
7314,A
7315,A
7316,I
7317,S
7318,R
7319,e
7320,C
7321,A
7322,T
7323,G
7324,A
7325,I
7326,D
7327,P
7328,C
7329,R
7330,H
7331,R
7332,P
7333,A
7334,A
7335,R
7336,O
7337,e
7338,H
7339,I
7340,I
7341,A
7342,E
7343,E
7344,4
7345,E
7346,2
7347,O
7348,P
7349,e
7350,A
7351,e
7352,H
7353,D
7354,I
7355,a
7356,S
7357,T
7358,r
7359,E
7360,i
7361,L
7362,F
7363,A
7364,E
7365,C
7366,T
7367,A
7368,S
7369,E
7370,A
7371,l
7372,O
7373,P
7374,N
7375,E
7376,S
7377,E
7378,I
7379,4
7380,F
7381,A
7382,S
7383,S
7384,O
7385,I
7386,e
7387,a
7388,D
7389,i
7390,E
7391,1
7392,e
7393,H
7394,R
7395,N
7396,E
7397,L
7398,D
7399,O
7400,1
7401,E
7402,B
7403,N
7404,A
7405,E
7406,e
7407,E
7408,E
7409,O
7410,B
7411,N
7412,7
7413,r
7414,3
7415,A
7416,I
7417,i
7418,A
7419,O
7420,E
7421,I
7422,C
7423,D
7424,7
7425,R
7426,P
7427,e
7428,R
7429,Y
7430,A
7431,I
7432,t
7433,A
7434,e
7435,E
7436,R
7437,M
7438,e
7439,S
7440,e
7441,a
7442,A
7443,U
7444,E
7445,S
7446,P
7447,E
7448,C
7449,U
7450,B
7451,L
7452,A
7453,S
7454,s
7455,i
7456,t
7457,C
7458,P
7459,A
7460,S
7461,N
7462,E
7463,I
7464,I
7465,i
7466,A
7467,U
7468,E
7469,A
7470,Q
7471,A
7472,N
7473,I
7474,P
7475,A
7476,9
7477,R
7478,S
7479,e
7480,E
7481,C
7482,a
7483,e
7484,L
7485,A
7486,t
7487,L
7488,S
7489,E
7490,P
7491,S
7492,A
7493,E
7494,I
7495,I
7496,e
7497,C
7498,e
7499,I
7500,e
7501,O
7502,P
7503,S
7504,U
7505,y
7506,O
7507,2
7508,D
7509,T
7510,I
7511,G
7512,R
7513,S
7514,E
7515,S
7516,X
7517,L
7518,E
7519,H
7520,E
7521,E
7522,E
7523,A
7524,l
7525,A
7526,T
7527,E
7528,F
7529,T
7530,e
7531,R
7532,o
7533,A
7534,e
7535,A
7536,3
7537,0
7538,I
7539,R
7540,l
7541,t
7542,H
7543,P
7544,S
7545,O
7546,A
7547,R
7548,l
7549,e
7550,A
7551,A
7552,E
7553,e
7554,a
7555,K
7556,v
7557,N
7558,e
7559,B
7560,M
7561,C
7562,A
7563,I
7564,T
7565,A
7566,P
7567,R
7568,H
7569,D
7570,N
7571,9
7572,P
7573,E
7574,H
7575,e
7576,R
7577,I
7578,o
7579,a
7580,e
7581,H
7582,o
7583,i
7584,A
7585,n
7586,S
7587,N
7588,P
7589,w
7590,S
7591,P
7592,E
7593,T
7594,M
7595,C
7596,O
7597,A
7598,I
7599,E
7600,E
7601,i
7602,L
7603,M
7604,I
7605,N
7606,E
7607,C
7608,S
7609,e
7610,i
7611,V
7612,e
7613,D
7614,I
7615,R
7616,A
7617,F
7618,i
7619,D
7620,E
7621,M
7622,I
7623,e
7624,A
7625,A
7626,M
7627,O
7628,I
7629,e
7630,n
7631,C
7632,l
7633,A
7634,R
7635,P
7636,X
7637,P
7638,O
7639,a
7640,A
7641,E
7642,I
7643,I
7644,e
7645,V
7646,t
7647,P
7648,A
7649,P
7650,E
7651,R
7652,I
7653,A
7654,C
7655,6
7656,i
7657,E
7658,A
7659,r
7660,A
7661,B
7662,R
7663,R
7664,V
7665,L
7666,e
7667,A
7668,a
7669,i
7670,K
7671,6
7672,o
7673,I
7674,V
7675,l
7676,P
7677,D
7678,O
7679,I
7680,E
7681,A
7682,a
7683,s
7684,e
7685,O
7686,D
7687,B
7688,E
7689,B
7690,U
7691,A
7692,M
7693,T
7694,I
7695,e
7696,i
7697,T
7698,A
7699,A
7700,A
7701,E
7702,N
7703,P
7704,F
7705,R
7706,I
7707,N
7708,E
7709,S
7710,O
7711,A
7712,P
7713,e
7714,A
7715,G
7716,E
7717,i
7718,O
7719,T
7720,T
7721,S
7722,S
7723,P
7724,o
7725,S
7726,t
7727,S
7728,N
7729,S
7730,0
7731,i
7732,N
7733,E
7734,R
7735,N
7736,D
7737,S
7738,R
7739,S
7740,o
7741,0
7742,A
7743,P
7744,A
7745,n
7746,R
7747,c
7748,N
7749,N
7750,T
7751,E
7752,C
7753,T
7754,E
7755,W
7756,R
7757,A
7758,A
7759,A
7760,O
7761,i
7762,S
7763,B
7764,A
7765,i
7766,A
7767,4
7768,5
7769,A
7770,N
7771,l
7772,R
7773,i
7774,R
7775,R
7776,A
7777,6
7778,E
7779,o
7780,A
7781,A
7782,r
7783,d
7784,I
7785,a
7786,C
7787,V
7788,N
7789,O
7790,C
7791,S
7792,T
7793,t
7794,N
7795,A
7796,E
7797,N
7798,e
7799,O
7800,S
7801,e
7802,I
7803,H
7804,A
7805,I
7806,M
7807,I
7808,o
7809,u
7810,K
7811,0
7812,a
7813,C
7814,t
7815,a
7816,I
7817,E
7818,A
7819,O
7820,T
7821,F
7822,e
7823,r
7824,e
7825,a
7826,A
7827,r
7828,E
7829,P
7830,P
7831,P
7832,O
7833,5
7834,E
7835,H
7836,A
7837,R
7838,e
7839,S
7840,Y
7841,e
7842,R
7843,I
7844,K
7845,I
7846,E
7847,i
7848,S
7849,R
7850,r
7851,R
7852,A
7853,M
7854,E
7855,i
7856,I
7857,D
7858,O
7859,S
7860,L
7861,5
7862,t
7863,C
7864,R
7865,m
7866,N
7867,E
7868,q
7869,r
7870,G
7871,E
7872,G
7873,L
7874,A
7875,K
7876,E
7877,B
7878,e
7879,N
7880,g
7881,I
7882,I
7883,C
7884,a
7885,S
7886,e
7887,E
7888,A
7889,J
7890,E
7891,2
7892,E
7893,P
7894,s
7895,N
7896,I
7897,I
7898,n
7899,E
7900,E
7901,e
7902,E
7903,S
7904,N
7905,T
7906,O
7907,Y
7908,P
7909,O
7910,A
7911,R
7912,2
7913,X
7914,p
7915,C
7916,R
7917,A
7918,F
7919,L
7920,v
7921,J
7922,S
7923,H
7924,e
7925,s
7926,P
7927,Y
7928,E
7929,r
7930,i
7931,e
7932,A
7933,H
7934,F
7935,P
7936,e
7937,E
7938,N
7939,I
7940,T
7941,e
7942,H
7943,B
7944,I
7945,E
7946,R
7947,E
7948,R
7949,O
7950,P
7951,L
7952,A
7953,A
7954,I
7955,B
7956,I
7957,I
7958,I
7959,F
7960,I
7961,E
7962,r
7963,w
7964,S
7965,o
7966,I
7967,B
7968,S
7969,R
7970,S
7971,N
7972,e
7973,A
7974,i
7975,P
7976,A
7977,S
7978,e
7979,T
7980,E
7981,I
7982,e
7983,T
7984,1
7985,L
7986,r
7987,N
7988,e
7989,D
7990,T
7991,S
7992,e
7993,e
7994,C
7995,A
7996,O
7997,R
7998,R
7999,B
8000,N
8001,O
8002,S
8003,P
8004,C
8005,A
8006,l
8007,I
8008,n
8009,A
8010,P
8011,A
8012,Q
8013,R
8014,I
8015,E
8016,L
8017,S
8018,I
8019,e
8020,T
8021,A
8022,E
8023,U
8024,H
8025,E
8026,O
8027,A
8028,O
8029,A
8030,P
8031,N
8032,e
8033,e
8034,c
8035,S
8036,M
8037,E
8038,T
8039,o
8040,t
8041,O
8042,R
8043,e
8044,R
8045,w
8046,C
8047,E
8048,s
8049,n
8050,E
8051,A
8052,1
8053,R
8054,H
8055,O
8056,N
8057,I
8058,I
8059,A
8060,A
8061,9
8062,R
8063,S
8064,R
8065,E
8066,e
8067,e
8068,i
8069,N
8070,N
8071,P
8072,E
8073,i
8074,A
8075,i
8076,O
8077,T
8078,R
8079,M
8080,I
8081,F
8082,S
8083,E
8084,N
8085,d
8086,A
8087,A
8088,r
8089,C
8090,R
8091,S
8092,T
8093,S
8094,E
8095,O
8096,r
8097,I
8098,P
8099,A
8100,S
8101,i
8102,I
8103,H
8104,I
8105,A
8106,I
8107,0
8108,L
8109,T
8110,A
8111,E
8112,i
8113,E
8114,A
8115,P
8116,L
8117,A
8118,N
8119,L
8120,A
8121,I
8122,G
8123,n
8124,I
8125,n
8126,0
8127,E
8128,I
8129,7
8130,L
8131,D
8132,i
8133,N
8134,B
8135,R
8136,C
8137,A
8138,L
8139,E
8140,O
8141,l
8142,P
8143,o
8144,T
8145,A
8146,w
8147,P
8148,O
8149,E
8150,C
8151,P
8152,P
8153,e
8154,e
8155,U
8156,n
8157,e
8158,I
8159,A
8160,E
8161,B
8162,S
8163,M
8164,s
8165,2
8166,A
8167,B
8168,P
8169,G
8170,p
8171,E
8172,I
8173,A
8174,S
8175,A
8176,T
8177,R
8178,i
8179,E
8180,I
8181,I
8182,O
8183,O
8184,E
8185,A
8186,L
8187,L
8188,A
8189,H
8190,e
8191,s
8192,i
8193,S
8194,E
8195,M
8196,E
8197,A
8198,S
8199,E
8200,A
8201,P
8202,I
8203,t
8204,e
8205,A
8206,N
8207,D
8208,e
8209,L
8210,E
8211,S
8212,D
8213,A
8214,T
8215,E
8216,N
8217,C
8218,E
8219,G
8220,K
8221,I
8222,A
8223,I
8224,I
8225,U
8226,N
8227,A
8228,e
8229,R
8230,S
8231,O
8232,T
8233,N
8234,E
8235,A
8236,i
8237,e
8238,E
8239,A
8240,a
8241,o
8242,e
8243,I
8244,3
8245,C
8246,I
8247,A
8248,V
8249,e
8250,A
8251,C
8252,v
8253,A
8254,O
8255,S
8256,S
8257,F
8258,I
8259,N
8260,A
8261,V
8262,O
8263,A
8264,0
8265,R
8266,B
8267,e
8268,E
8269,I
8270,Y
8271,E
8272,A
8273,1
8274,a
8275,e
8276,R
8277,e
8278,A
8279,B
8280,L
8281,O
8282,R
8283,A
8284,A
8285,L
8286,S
8287,T
8288,E
8289,A
8290,E
8291,i
8292,P
8293,2
8294,0
8295,I
8296,t
8297,N
8298,3
8299,C
8300,E
8301,o
8302,I
8303,O
8304,N
8305,O
8306,V
8307,i
8308,A
8309,N
8310,C
8311,E
8312,g
8313,A
8314,7
8315,A
8316,E
8317,A
8318,e
8319,E
8320,A
8321,i
8322,t
8323,F
8324,E
8325,N
8326,T
8327,l
8328,A
8329,I
8330,E
8331,A
8332,t
8333,e
8334,A
8335,O
8336,D
8337,A
8338,U
8339,C
8340,e
8341,L
8342,A
8343,A
8344,E
8345,N
8346,S
8347,P
8348,O
8349,e
8350,I
8351,N
8352,0
8353,T
8354,S
8355,F
8356,I
8357,A
8358,0
8359,i
8360,r
8361,I
8362,P
8363,e
8364,o
8365,D
8366,O
8367,a
8368,R
8369,S
8370,a
8371,l
8372,i
8373,o
8374,N
8375,P
8376,L
8377,R
8378,A
8379,N
8380,N
8381,n
8382,P
8383,K
8384,S
8385,a
8386,r
8387,E
8388,E
8389,B
8390,R
8391,i
8392,A
8393,e
8394,N
8395,S
8396,P
8397,Y
8398,E
8399,I
8400,A
8401,L
8402,X
8403,I
8404,P
8405,S
8406,N
8407,S
8408,E
8409,E
8410,A
8411,E
8412,B
8413,R
8414,T
8415,C
8416,P
8417,e
8418,i
8419,B
8420,R
8421,N
8422,M
8423,N
8424,N
8425,0
8426,A
8427,E
8428,E
8429,D
8430,O
8431,I
8432,A
8433,H
8434,A
8435,o
8436,A
8437,R
8438,O
8439,A
8440,O
8441,A
8442,H
8443,R
8444,S
8445,t
8446,z
8447,P
8448,l
8449,I
8450,D
8451,d
8452,D
8453,R
8454,l
8455,2
8456,a
8457,H
8458,R
8459,a
8460,E
8461,Y
8462,O
8463,E
8464,L
8465,i
8466,e
8467,N
8468,L
8469,F
8470,C
8471,r
8472,C
8473,A
8474,R
8475,D
8476,R
8477,E
8478,E
8479,e
8480,P
8481,O
8482,P
8483,R
8484,c
8485,B
8486,e
8487,t
8488,S
8489,e
8490,A
8491,E
8492,o
8493,R
8494,E
8495,L
8496,S
8497,h
8498,i
8499,A
8500,E
8501,1
8502,s
8503,R
8504,P
8505,E
8506,T
8507,5
8508,N
8509,I
8510,S
8511,A
8512,A
8513,6
8514,E
8515,D
8516,A
8517,I
8518,g
8519,J
8520,E
8521,A
8522,Y
8523,R
8524,I
8525,P
8526,S
8527,A
8528,D
8529,O
8530,A
8531,P
8532,e
8533,E
8534,F
8535,O
8536,H
8537,e
8538,A
8539,A
8540,E
8541,n
8542,D
8543,i
8544,M
8545,E
8546,Y
8547,L
8548,T
8549,C
8550,6
8551,H
8552,e
8553,O
8554,S
8555,E
8556,9
8557,D
8558,H
8559,2
8560,I
8561,Y
8562,o
8563,E
8564,c
8565,A
8566,I
8567,I
8568,P
8569,I
8570,I
8571,E
8572,S
8573,A
8574,D
8575,i
8576,E
8577,M
8578,N
8579,A
8580,A
8581,A
8582,e
8583,U
8584,H
8585,I
8586,N
8587,6
8588,I
8589,R
8590,5
8591,I
8592,R
8593,I
8594,E
8595,r
8596,M
8597,I
8598,s
8599,i
8600,N
8601,L
8602,e
8603,J
8604,T
8605,E
8606,A
8607,U
8608,e
8609,e
8610,e
8611,C
8612,I
8613,I
8614,E
8615,A
8616,h
8617,R
8618,N
8619,o
8620,B
8621,R
8622,e
8623,i
8624,R
8625,E
8626,h
8627,E
8628,N
8629,A
8630,S
8631,h
8632,D
8633,S
8634,N
8635,A
8636,I
8637,C
8638,l
8639,a
8640,v
8641,S
8642,a
8643,e
8644,M
8645,e
8646,D
8647,e
8648,o
8649,P
8650,A
8651,e
8652,E
8653,e
8654,B
8655,S
8656,N
8657,I
8658,B
8659,W
8660,R
8661,B
8662,1
8663,I
8664,Y
8665,A
8666,R
8667,i
8668,D
8669,n
8670,S
8671,N
8672,R
8673,A
8674,o
8675,X
8676,a
8677,S
8678,T
8679,e
8680,r
8681,e
8682,i
8683,E
8684,O
8685,E
8686,R
8687,O
8688,A
8689,s
8690,E
8691,S
8692,I
8693,0
8694,i
8695,N
8696,S
8697,O
8698,i
8699,R
8700,D
8701,E
8702,P
8703,e
8704,Y
8705,7
8706,i
8707,T
8708,t
8709,i
8710,V
8711,A
8712,E
8713,R
8714,e
8715,l
8716,E
8717,P
8718,N
8719,R
8720,A
8721,R
8722,A
8723,W
8724,i
8725,i
8726,R
8727,h
8728,M
8729,S
8730,e
8731,D
8732,e
8733,A
8734,R
8735,P
8736,A
8737,A
8738,A
8739,L
8740,N
8741,l
8742,i
8743,r
8744,V
8745,T
8746,P
8747,o
8748,e
8749,D
8750,E
8751,2
8752,E
8753,g
8754,a
8755,s
8756,T
8757,I
8758,A
8759,P
8760,e
8761,O
8762,A
8763,N
8764,e
8765,e
8766,U
8767,A
8768,4
8769,E
8770,e
8771,e
8772,H
8773,S
8774,e
8775,E
8776,A
8777,A
8778,R
8779,O
8780,U
8781,I
8782,o
8783,T
8784,o
8785,A
8786,L
8787,o
8788,C
8789,P
8790,1
8791,C
8792,U
8793,N
8794,0
8795,d
8796,O
8797,e
8798,N
8799,P
8800,e
8801,e
8802,U
8803,I
8804,a
8805,E
8806,S
8807,I
8808,c
8809,V
8810,E
8811,R
8812,e
8813,T
8814,o
8815,A
8816,0
8817,S
8818,S
8819,C
8820,L
8821,w
8822,A
8823,E
8824,I
8825,C
8826,e
8827,C
8828,D
8829,E
8830,R
8831,I
8832,O
8833,1
8834,G
8835,N
8836,A
8837,P
8838,A
8839,P
8840,e
8841,y
8842,P
8843,k
8844,N
8845,P
8846,i
8847,E
8848,1
8849,A
8850,S
8851,T
8852,D
8853,R
8854,O
8855,I
8856,A
8857,A
8858,P
8859,R
8860,C
8861,D
8862,D
8863,P
8864,R
8865,C
8866,N
8867,O
8868,L
8869,i
8870,i
8871,V
8872,A
8873,R
8874,L
8875,E
8876,F
8877,A
8878,o
8879,i
8880,T
8881,C
8882,G
8883,e
8884,A
8885,D
8886,y
8887,s
8888,P
8889,N
8890,e
8891,R
8892,O
8893,r
8894,n
8895,A
8896,o
8897,T
8898,A
8899,A
8900,e
8901,e
8902,C
8903,R
8904,O
8905,0
8906,I
8907,P
8908,o
8909,I
8910,E
8911,m
8912,E
8913,E
8914,C
8915,R
8916,E
8917,e
8918,A
8919,Y
8920,o
8921,C
8922,N
8923,T
8924,i
8925,s
8926,0
8927,M
8928,L
8929,2
8930,R
8931,M
8932,o
8933,L
8934,r
8935,R
8936,e
8937,e
8938,O
8939,N
8940,D
8941,B
8942,S
8943,P
8944,N
8945,I
8946,K
8947,L
8948,I
8949,H
8950,A
8951,S
8952,C
8953,r
8954,e
8955,I
8956,a
8957,N
8958,E
8959,C
8960,P
8961,I
8962,M
8963,a
8964,T
8965,e
8966,T
8967,s
8968,r
8969,i
8970,e
8971,0
8972,d
8973,A
8974,I
8975,a
8976,e
8977,G
8978,Y
8979,n
8980,D
8981,3
8982,I
8983,U
8984,S
8985,D
8986,S
8987,E
8988,N
8989,o
8990,R
8991,A
8992,e
8993,i
8994,P
8995,S
8996,o
8997,L
8998,A
8999,A
9000,E
9001,N
9002,A
9003,B
9004,V
9005,A
9006,N
9007,O
9008,A
9009,n
9010,A
9011,O
9012,P
9013,n
9014,o
9015,t
9016,R
9017,l
9018,E
9019,P
9020,T
9021,T
9022,R
9023,A
9024,H
9025,X
9026,R
9027,R
9028,A
9029,l
9030,D
9031,A
9032,a
9033,I
9034,E
9035,a
9036,0
9037,R
9038,r
9039,N
9040,N
9041,M
9042,E
9043,L
9044,i
9045,J
9046,I
9047,R
9048,r
9049,A
9050,P
9051,A
9052,E
9053,i
9054,M
9055,A
9056,e
9057,D
9058,I
9059,S
9060,S
9061,I
9062,a
9063,i
9064,a
9065,C
9066,A
9067,T
9068,C
9069,O
9070,E
9071,T
9072,h
9073,o
9074,1
9075,i
9076,a
9077,V
9078,e
9079,A
9080,R
9081,d
9082,B
9083,P
9084,a
9085,A
9086,N
9087,A
9088,T
9089,e
9090,Q
9091,A
9092,T
9093,S
9094,E
9095,E
9096,O
9097,A
9098,A
9099,E
9100,e
9101,i
9102,A
9103,e
9104,E
9105,K
9106,K
9107,A
9108,P
9109,e
9110,I
9111,l
9112,M
9113,h
9114,C
9115,s
9116,N
9117,E
9118,V
9119,i
9120,S
9121,a
9122,i
9123,H
9124,R
9125,G
9126,2
9127,R
9128,a
9129,T
9130,D
9131,a
9132,I
9133,A
9134,e
9135,E
9136,1
9137,a
9138,E
9139,A
9140,E
9141,a
9142,E
9143,U
9144,a
9145,O
9146,O
9147,T
9148,e
9149,I
9150,T
9151,A
9152,n
9153,A
9154,O
9155,A
9156,E
9157,U
9158,f
9159,C
9160,7
9161,R
9162,S
9163,i
9164,A
9165,P
9166,E
9167,e
9168,Z
9169,a
9170,A
9171,O
9172,I
9173,N
9174,E
9175,e
9176,A
9177,I
9178,I
9179,D
9180,e
9181,T
9182,M
9183,E
9184,i
9185,a
9186,N
9187,E
9188,N
9189,A
9190,I
9191,I
9192,N
9193,i
9194,R
9195,a
9196,C
9197,E
9198,N
9199,R
9200,P
9201,E
9202,e
9203,N
9204,P
9205,S
9206,T
9207,D
9208,A
9209,A
9210,4
9211,N
9212,V
9213,e
9214,P
9215,S
9216,a
9217,D
9218,Z
9219,A
9220,R
9221,F
9222,E
9223,h
9224,E
9225,A
9226,r
9227,E
9228,P
9229,A
9230,B
9231,r
9232,t
9233,A
9234,E
9235,E
9236,E
9237,A
9238,E
9239,S
9240,m
9241,N
9242,A
9243,C
9244,A
9245,N
9246,I
9247,i
9248,R
9249,a
9250,a
9251,H
9252,I
9253,F
9254,M
9255,O
9256,E
9257,e
9258,A
9259,H
9260,L
9261,M
9262,Y
9263,G
9264,T
9265,A
9266,o
9267,i
9268,O
9269,i
9270,A
9271,B
9272,e
9273,T
9274,N
9275,n
9276,3
9277,E
9278,P
9279,h
9280,C
9281,a
9282,E
9283,e
9284,A
9285,e
9286,H
9287,A
9288,A
9289,a
9290,p
9291,S
9292,A
9293,A
9294,y
9295,E
9296,h
9297,C
9298,E
9299,2
9300,T
9301,A
9302,E
9303,P
9304,A
9305,n
9306,A
9307,u
9308,3
9309,P
9310,I
9311,I
9312,P
9313,E
9314,a
9315,I
9316,A
9317,E
9318,A
9319,E
9320,E
9321,R
9322,N
9323,a
9324,S
9325,S
9326,H
9327,5
9328,D
9329,U
9330,B
9331,e
9332,L
9333,N
9334,M
9335,y
9336,I
9337,i
9338,I
9339,I
9340,N
9341,O
9342,R
9343,H
9344,B
9345,A
9346,A
9347,O
9348,1
9349,A
9350,T
9351,I
9352,O
9353,E
9354,4
9355,N
9356,A
9357,V
9358,L
9359,A
9360,R
9361,A
9362,O
9363,I
9364,E
9365,R
9366,a
9367,e
9368,T
9369,a
9370,a
9371,H
9372,O
9373,L
9374,3
9375,C
9376,C
9377,E
9378,S
9379,N
9380,B
9381,E
9382,S
9383,a
9384,S
9385,o
9386,2
9387,7
9388,P
9389,E
9390,m
9391,E
9392,S
9393,E
9394,0
9395,L
9396,H
9397,T
9398,E
9399,2
9400,N
9401,P
9402,e
9403,S
9404,e
9405,A
9406,D
9407,R
9408,S
9409,E
9410,e
9411,A
9412,E
9413,a
9414,A
9415,E
9416,A
9417,B
9418,D
9419,D
9420,S
9421,E
9422,A
9423,h
9424,0
9425,N
9426,G
9427,I
9428,r
9429,E
9430,7
9431,r
9432,E
9433,D
9434,R
9435,E
9436,P
9437,e
9438,n
9439,A
9440,E
9441,s
9442,S
9443,B
9444,L
9445,I
9446,2
9447,A
9448,R
9449,e
9450,A
9451,e
9452,A
9453,R
9454,A
9455,N
9456,B
9457,S
9458,O
9459,A
9460,R
9461,i
9462,B
9463,I
9464,e
9465,W
9466,A
9467,E
9468,S
9469,e
9470,t
9471,E
9472,P
9473,u
9474,l
9475,A
9476,o
9477,E
9478,A
9479,E
9480,P
9481,B
9482,I
9483,P
9484,I
9485,A
9486,H
9487,N
9488,S
9489,A
9490,X
9491,A
9492,E
9493,N
9494,A
9495,S
9496,S
9497,E
9498,P
9499,R
9500,o
9501,E
9502,C
9503,P
9504,C
9505,A
9506,7
9507,i
9508,h
9509,X
9510,N
9511,M
9512,a
9513,P
9514,A
9515,3
9516,N
9517,G
9518,A
9519,E
9520,I
9521,D
9522,E
9523,I
9524,A
9525,E
9526,J
9527,H
9528,R
9529,I
9530,P
9531,L
9532,a
9533,I
9534,I
9535,E
9536,N
9537,A
9538,T
9539,E
9540,i
9541,A
9542,l
9543,A
9544,o
9545,C
9546,E
9547,D
9548,A
9549,E
9550,e
9551,E
9552,a
9553,I
9554,R
9555,S
9556,E
9557,O
9558,S
9559,e
9560,3
9561,e
9562,A
9563,R
9564,E
9565,r
9566,A
9567,i
9568,B
9569,A
9570,y
9571,e
9572,C
9573,V
9574,N
9575,I
9576,Y
9577,I
9578,S
9579,N
9580,T
9581,A
9582,I
9583,A
9584,R
9585,A
9586,L
9587,U
9588,O
9589,o
9590,t
9591,E
9592,A
9593,A
9594,O
9595,o
9596,L
9597,T
9598,I
9599,N
9600,C
9601,n
9602,E
9603,e
9604,E
9605,2
9606,1
9607,A
9608,C
9609,e
9610,h
9611,T
9612,R
9613,a
9614,L
9615,A
9616,D
9617,D
9618,B
9619,S
9620,o
9621,A
9622,o
9623,O
9624,A
9625,I
9626,E
9627,I
9628,c
9629,A
9630,N
9631,A
9632,A
9633,e
9634,r
9635,A
9636,R
9637,a
9638,A
9639,B
9640,P
9641,E
9642,I
9643,a
9644,O
9645,O
9646,D
9647,E
9648,0
9649,n
9650,A
9651,T
9652,e
9653,I
9654,p
9655,E
9656,A
9657,A
9658,L
9659,R
9660,C
9661,T
9662,E
9663,E
9664,A
9665,I
9666,i
9667,e
9668,x
9669,E
9670,M
9671,a
9672,h
9673,A
9674,A
9675,t
9676,E
9677,X
9678,A
9679,J
9680,i
9681,S
9682,R
9683,P
9684,A
9685,e
9686,E
9687,s
9688,a
9689,0
9690,E
9691,A
9692,e
9693,G
9694,1
9695,O
9696,B
9697,S
9698,N
9699,1
9700,l
9701,S
9702,A
9703,r
9704,o
9705,i
9706,E
9707,T
9708,t
9709,R
9710,C
9711,I
9712,o
9713,I
9714,E
9715,I
9716,e
9717,I
9718,E
9719,a
9720,P
9721,s
9722,U
9723,w
9724,E
9725,T
9726,T
9727,o
9728,A
9729,e
9730,P
9731,A
9732,0
9733,E
9734,a
9735,R
9736,A
9737,a
9738,E
9739,T
9740,h
9741,A
9742,R
9743,p
9744,A
9745,N
9746,a
9747,S
9748,S
9749,1
9750,A
9751,R
9752,e
9753,N
9754,N
9755,S
9756,N
9757,I
9758,B
9759,s
9760,9
9761,l
9762,e
9763,P
9764,B
9765,T
9766,R
9767,I
9768,H
9769,I
9770,I
9771,r
9772,S
9773,t
9774,e
9775,A
9776,E
9777,A
9778,7
9779,t
9780,T
9781,D
9782,A
9783,O
9784,s
9785,L
9786,P
9787,a
9788,i
9789,1
9790,E
9791,N
9792,D
9793,A
9794,t
9795,N
9796,l
9797,r
9798,L
9799,I
9800,I
9801,R
9802,B
9803,8
9804,E
9805,H
9806,A
9807,L
9808,e
9809,A
9810,R
9811,T
9812,Q
9813,L
9814,I
9815,S
9816,r
9817,A
9818,i
9819,o
9820,M
9821,R
9822,N
9823,P
9824,0
9825,N
9826,S
9827,E
9828,5
9829,E
9830,C
9831,4
9832,I
9833,A
9834,D
9835,L
9836,O
9837,1
9838,A
9839,D
9840,A
9841,i
9842,R
9843,I
9844,A
9845,a
9846,I
9847,o
9848,R
9849,A
9850,C
9851,O
9852,R
9853,M
9854,B
9855,H
9856,D
9857,I
9858,A
9859,x
9860,I
9861,S
9862,E
9863,a
9864,o
9865,e
9866,R
9867,C
9868,S
9869,a
9870,I
9871,E
9872,A
9873,T
9874,E
9875,l
9876,Y
9877,e
9878,P
9879,P
9880,E
9881,R
9882,A
9883,E
9884,S
9885,e
9886,7
9887,U
9888,o
9889,E
9890,N
9891,A
9892,G
9893,o
9894,H
9895,o
9896,i
9897,I
9898,e
9899,O
9900,A
9901,A
9902,A
9903,N
9904,e
9905,A
9906,T
9907,I
9908,S
9909,I
9910,A
9911,3
9912,x
9913,A
9914,E
9915,R
9916,N
9917,A
9918,o
9919,e
9920,T
9921,k
9922,R
9923,P
9924,n
9925,S
9926,E
9927,X
9928,R
9929,R
9930,E
9931,I
9932,s
9933,O
9934,C
9935,A
9936,A
9937,P
9938,C
9939,O
9940,I
9941,F
9942,P
9943,E
9944,E
9945,N
9946,P
9947,A
9948,D
9949,r
9950,V
9951,P
9952,P
9953,I
9954,A
9955,Z
9956,E
9957,i
9958,T
9959,e
9960,r
9961,E
9962,A
9963,S
9964,B
9965,l
9966,A
9967,I
9968,I
9969,R
9970,U
9971,R
9972,M
9973,S
9974,e
9975,E
9976,N
9977,i
9978,T
9979,N
9980,T
9981,L
9982,S
9983,R
9984,S
9985,E
9986,A
9987,I
9988,P
9989,A
9990,I
9991,S
9992,T
9993,X
9994,M
9995,A
9996,D
9997,S
9998,T
9999,r
10000,T
10001,E
10002,e
10003,T
10004,D
10005,l
10006,R
10007,s
10008,P
10009,E
10010,n
10011,l
10012,e
10013,P
10014,E
10015,6
10016,s
10017,2
10018,T
10019,R
10020,K
10021,R
10022,S
10023,I
10024,A
10025,a
10026,o
10027,O
10028,C
10029,P
10030,C
10031,C
10032,E
10033,n
10034,A
10035,N
10036,a
10037,C
10038,C
10039,H
10040,T
10041,U
10042,A
10043,A
10044,e
10045,O
10046,R
10047,e
10048,N
10049,D
10050,A
10051,C
10052,N
10053,E
10054,A
10055,E
10056,D
10057,I
10058,T
10059,i
10060,L
10061,I
10062,P
10063,N
10064,E
10065,E
10066,I
10067,P
10068,U
10069,R
10070,X
10071,o
10072,O
10073,a
10074,S
10075,L
10076,i
10077,e
10078,P
10079,A
10080,n
10081,E
10082,2
10083,C
10084,O
10085,C
10086,N
10087,P
10088,N
10089,S
10090,A
10091,S
10092,E
10093,o
10094,A
10095,r
10096,a
10097,D
10098,A
10099,X
10100,D
10101,E
10102,o
10103,r
10104,R
10105,D
10106,e
10107,O
10108,A
10109,T
10110,N
10111,a
10112,W
10113,I
10114,E
10115,d
10116,N
10117,e
10118,P
10119,O
10120,T
10121,A
10122,o
10123,G
10124,C
10125,N
10126,o
10127,S
10128,P
10129,D
10130,R
10131,L
10132,8
10133,e
10134,I
10135,A
10136,P
10137,M
10138,O
10139,A
10140,A
10141,L
10142,a
10143,E
10144,i
10145,I
10146,e
10147,E
10148,L
10149,r
10150,G
10151,M
10152,A
10153,S
10154,t
10155,F
10156,A
10157,N
10158,I
10159,I
10160,R
10161,E
10162,H
10163,O
10164,D
10165,E
10166,P
10167,n
10168,S
10169,P
10170,S
10171,K
10172,E
10173,R
10174,v
10175,E
10176,d
10177,T
10178,P
10179,7
10180,r
10181,O
10182,N
10183,R
10184,S
10185,O
10186,e
10187,I
10188,P
10189,N
10190,e
10191,A
10192,L
10193,e
10194,T
10195,A
10196,n
10197,T
10198,B
10199,r
10200,2
10201,S
10202,P
10203,N
10204,E
10205,I
10206,A
10207,L
10208,r
10209,T
10210,R
10211,L
10212,P
10213,C
10214,P
10215,5
10216,H
10217,L
10218,B
10219,D
10220,R
10221,D
10222,D
10223,S
10224,A
10225,D
10226,P
10227,v
10228,P
10229,A
10230,E
10231,r
10232,E
10233,E
10234,D
10235,8
10236,N
10237,T
10238,A
10239,I
10240,I
10241,E
10242,B
10243,V
10244,o
10245,S
10246,P
10247,E
10248,e
10249,A
10250,E
10251,W
10252,C
10253,M
10254,B
10255,L
10256,R
10257,I
10258,r
10259,P
10260,A
10261,A
10262,P
10263,A
10264,E
10265,e
10266,D
10267,S
10268,t
10269,0
10270,M
10271,N
10272,A
10273,P
10274,N
10275,r
10276,B
10277,R
10278,A
10279,A
10280,E
10281,O
10282,I
10283,A
10284,A
10285,e
10286,P
10287,S
10288,A
10289,O
10290,O
10291,E
10292,A
10293,e
10294,F
10295,I
10296,v
10297,O
10298,L
10299,E
10300,N
10301,L
10302,3
10303,T
10304,D
10305,5
10306,I
10307,V
10308,F
10309,e
10310,N
10311,N
10312,E
10313,o
10314,A
10315,O
10316,t
10317,E
10318,E
10319,C
10320,r
10321,2
10322,r
10323,r
10324,S
10325,P
10326,R
10327,1
10328,N
10329,H
10330,D
10331,V
10332,E
10333,I
10334,9
10335,i
10336,S
10337,P
10338,B
10339,i
10340,E
10341,T
10342,A
10343,s
10344,5
10345,e
10346,o
10347,R
10348,O
10349,i
10350,n
10351,a
10352,A
10353,S
10354,I
10355,E
10356,A
10357,S
10358,H
10359,C
10360,A
10361,P
10362,I
10363,t
10364,S
10365,A
10366,T
10367,t
10368,A
10369,T
10370,i
10371,n
10372,T
10373,O
10374,B
10375,E
10376,9
10377,a
10378,a
10379,S
10380,T
10381,e
10382,S
10383,T
10384,P
10385,l
10386,1
10387,S
10388,C
10389,S
10390,S
10391,S
10392,I
10393,S
10394,A
10395,N
10396,E
10397,I
10398,o
10399,E
10400,r
10401,D
10402,L
10403,R
10404,e
10405,P
10406,N
10407,E
10408,T
10409,H
10410,0
10411,A
10412,S
10413,T
10414,E
10415,i
10416,N
10417,i
10418,A
10419,O
10420,r
10421,I
10422,R
10423,O
10424,A
10425,P
10426,E
10427,E
10428,A
10429,e
10430,M
10431,C
10432,A
10433,e
10434,a
10435,V
10436,T
10437,A
10438,D
10439,I
10440,o
10441,P
10442,I
10443,n
10444,L
10445,A
10446,I
10447,D
10448,E
10449,1
10450,E
10451,e
10452,R
10453,A
10454,A
10455,C
10456,E
10457,R
10458,P
10459,U
10460,R
10461,L
10462,r
10463,2
10464,O
10465,y
10466,I
10467,O
10468,T
10469,A
10470,o
10471,A
10472,o
10473,A
10474,e
10475,O
10476,A
10477,S
10478,A
10479,I
10480,A
10481,D
10482,l
10483,I
10484,o
10485,T
10486,P
10487,H
10488,e
10489,E
10490,A
10491,A
10492,S
10493,O
10494,N
10495,I
10496,e
10497,E
10498,e
10499,T
10500,E
10501,U
10502,C
10503,U
10504,A
10505,R
10506,l
10507,i
10508,R
10509,c
10510,n
10511,P
10512,I
10513,P
10514,C
10515,V
10516,D
10517,i
10518,E
10519,A
10520,N
10521,M
10522,S
10523,d
10524,R
10525,l
10526,H
10527,o
10528,T
10529,e
10530,I
10531,R
10532,B
10533,F
10534,e
10535,0
10536,T
10537,E
10538,i
10539,H
10540,A
10541,e
10542,S
10543,I
10544,A
10545,e
10546,D
10547,5
10548,S
10549,A
10550,N
10551,L
10552,E
10553,5
10554,N
10555,I
10556,E
10557,A
10558,o
10559,L
10560,R
10561,I
10562,D
10563,v
10564,b
10565,E
10566,a
10567,V
10568,R
10569,e
10570,E
10571,n
10572,e
10573,P
10574,A
10575,A
10576,t
10577,A
10578,E
10579,p
10580,P
10581,O
10582,S
10583,I
10584,R
10585,e
10586,E
10587,O
10588,T
10589,n
10590,5
10591,t
10592,a
10593,N
10594,O
10595,A
10596,E
10597,P
10598,a
10599,a
10600,B
10601,S
10602,A
10603,v
10604,S
10605,I
10606,I
10607,e
10608,L
10609,2
10610,o
10611,A
10612,o
10613,0
10614,T
10615,A
10616,I
10617,P
10618,O
10619,a
10620,A
10621,r
10622,L
10623,S
10624,S
10625,E
10626,S
10627,A
10628,A
10629,N
10630,x
10631,P
10632,A
10633,r
10634,G
10635,r
10636,A
10637,P
10638,P
10639,s
10640,h
10641,o
10642,H
10643,I
10644,B
10645,e
10646,e
10647,a
10648,T
10649,O
10650,L
10651,B
10652,n
10653,i
10654,D
10655,r
10656,A
10657,A
10658,H
10659,r
10660,R
10661,e
10662,H
10663,I
10664,S
10665,W
10666,C
10667,N
10668,E
10669,A
10670,I
10671,L
10672,I
10673,S
10674,E
10675,s
10676,A
10677,U
10678,L
10679,S
10680,R
10681,A
10682,R
10683,E
10684,1
10685,P
10686,H
10687,a
10688,A
10689,P
10690,0
10691,O
10692,T
10693,L
10694,A
10695,I
10696,n
10697,A
10698,e
10699,A
10700,I
10701,I
10702,A
10703,A
10704,R
10705,Y
10706,I
10707,N
10708,m
10709,T
10710,e
10711,A
10712,E
10713,o
10714,I
10715,R
10716,a
10717,E
10718,K
10719,m
10720,r
10721,o
10722,B
10723,T
10724,I
10725,T
10726,N
10727,I
10728,A
10729,L
10730,C
10731,P
10732,E
10733,L
10734,N
10735,C
10736,i
10737,D
10738,D
10739,O
10740,G
10741,r
10742,T
10743,S
10744,D
10745,T
10746,U
10747,r
10748,E
10749,C
10750,o
10751,A
10752,a
10753,r
10754,l
10755,R
10756,R
10757,A
10758,S
10759,I
10760,I
10761,S
10762,4
10763,P
10764,A
10765,C
10766,G
10767,A
10768,R
10769,I
10770,A
10771,R
10772,I
10773,S
10774,o
10775,E
10776,Y
10777,I
10778,R
10779,N
10780,E
10781,N
10782,t
10783,E
10784,e
10785,A
10786,R
10787,R
10788,S
10789,r
10790,N
10791,e
10792,m
10793,F
10794,X
10795,I
10796,M
10797,E
10798,9
10799,A
10800,A
10801,D
10802,T
10803,E
10804,t
10805,R
10806,O
10807,R
10808,P
10809,T
10810,M
10811,S
10812,B
10813,E
10814,E
10815,A
10816,E
10817,G
10818,O
10819,I
10820,r
10821,e
10822,R
10823,R
10824,O
10825,A
10826,O
10827,L
10828,E
10829,k
10830,T
10831,O
10832,I
10833,S
10834,e
10835,G
10836,r
10837,A
10838,n
10839,C
10840,n
10841,H
10842,V
10843,T
10844,a
10845,A
10846,V
10847,M
10848,I
10849,A
10850,A
10851,i
10852,e
10853,A
10854,A
10855,A
10856,A
10857,O
10858,O
10859,N
10860,E
10861,P
10862,H
10863,Y
10864,o
10865,A
10866,E
10867,E
10868,7
10869,A
10870,i
10871,E
10872,D
10873,S
10874,a
10875,E
10876,s
10877,t
10878,D
10879,n
10880,A
10881,N
10882,I
10883,R
10884,E
10885,5
10886,P
10887,R
10888,P
10889,R
10890,R
10891,T
10892,l
10893,s
10894,N
10895,Y
10896,E
10897,C
10898,A
10899,C
10900,1
10901,U
10902,E
10903,i
10904,O
10905,O
10906,A
10907,R
10908,E
10909,r
10910,s
10911,A
10912,I
10913,e
10914,o
10915,E
10916,r
10917,M
10918,e
10919,E
10920,R
10921,K
10922,E
10923,A
10924,I
10925,e
10926,N
10927,A
10928,e
10929,I
10930,A
10931,O
10932,c
10933,B
10934,L
10935,H
10936,A
10937,a
10938,f
10939,t
10940,S
10941,e
10942,N
10943,N
10944,E
10945,O
10946,r
10947,t
10948,H
10949,P
10950,C
10951,A
10952,A
10953,T
10954,a
10955,i
10956,6
10957,A
10958,6
10959,e
10960,O
10961,A
10962,A
10963,S
10964,B
10965,T
10966,S
10967,O
10968,A
10969,N
10970,l
10971,y
10972,E
10973,P
10974,E
10975,N
10976,n
10977,A
10978,C
10979,R
10980,P
10981,1
10982,S
10983,C
10984,L
10985,e
10986,a
10987,H
10988,M
10989,2
10990,e
10991,T
10992,A
10993,E
10994,B
10995,D
10996,O
10997,R
10998,O
10999,D
11000,A
11001,A
11002,A
11003,c
11004,A
11005,9
11006,A
11007,O
11008,I
11009,O
11010,N
11011,f
11012,R
11013,A
11014,R
11015,N
11016,S
11017,N
11018,D
11019,A
11020,S
11021,E
11022,r
11023,I
11024,a
11025,t
11026,S
11027,M
11028,e
11029,o
11030,L
11031,A
11032,T
11033,S
11034,C
11035,e
11036,P
11037,C
11038,i
11039,i
11040,E
11041,a
11042,A
11043,e
11044,P
11045,A
11046,O
11047,E
11048,A
11049,t
11050,O
11051,C
11052,I
11053,o
11054,P
11055,t
11056,G
11057,A
11058,E
11059,A
11060,A
11061,r
11062,d
11063,H
11064,V
11065,J
11066,o
11067,o
11068,O
11069,S
11070,R
11071,e
11072,k
11073,e
11074,E
11075,N
11076,A
11077,G
11078,4
11079,S
11080,s
11081,L
11082,L
11083,N
11084,A
11085,n
11086,E
11087,2
11088,2
11089,a
11090,R
11091,E
11092,E
11093,N
11094,I
11095,r
11096,T
11097,e
11098,I
11099,A
11100,y
11101,I
11102,A
11103,B
11104,C
11105,N
11106,e
11107,L
11108,T
11109,e
11110,E
11111,E
11112,E
11113,I
11114,A
11115,F
11116,n
11117,a
11118,S
11119,D
11120,3
11121,R
11122,i
11123,A
11124,E
11125,E
11126,R
11127,r
11128,O
11129,O
11130,B
11131,E
11132,L
11133,T
11134,I
11135,N
11136,P
11137,C
11138,i
11139,A
11140,e
11141,D
11142,e
11143,G
11144,i
11145,H
11146,S
11147,F
11148,B
11149,o
11150,O
11151,N
11152,I
11153,E
11154,v
11155,e
11156,M
11157,E
11158,A
11159,H
11160,C
11161,I
11162,E
11163,S
11164,O
11165,E
11166,A
11167,E
11168,O
11169,A
11170,R
11171,i
11172,B
11173,s
11174,a
11175,e
11176,e
11177,E
11178,A
11179,T
11180,T
11181,y
11182,R
11183,S
11184,V
11185,r
11186,a
11187,o
11188,e
11189,A
11190,L
11191,C
11192,P
11193,O
11194,e
11195,I
11196,E
11197,A
11198,e
11199,v
11200,G
11201,A
11202,S
11203,T
11204,N
11205,i
11206,O
11207,l
11208,I
11209,A
11210,A
11211,N
11212,A
11213,N
11214,L
11215,a
11216,E
11217,N
11218,E
11219,R
11220,A
11221,O
11222,k
11223,E
11224,E
11225,D
11226,S
11227,I
11228,o
11229,D
11230,R
11231,z
11232,A
11233,I
11234,a
11235,P
11236,R
11237,O
11238,O
11239,3
11240,I
11241,E
11242,R
11243,a
11244,l
11245,o
11246,e
11247,M
11248,R
11249,n
11250,R
11251,D
11252,S
11253,S
11254,i
11255,O
11256,P
11257,e
11258,I
11259,E
11260,o
11261,N
11262,A
11263,r
11264,P
11265,R
11266,P
11267,2
11268,E
11269,a
11270,A
11271,C
11272,C
11273,L
11274,E
11275,Y
11276,e
11277,D
11278,R
11279,h
11280,U
11281,L
11282,L
11283,I
11284,S
11285,E
11286,T
11287,I
11288,M
11289,E
11290,1
11291,R
11292,S
11293,o
11294,A
11295,E
11296,1
11297,C
11298,O
11299,A
11300,P
11301,D
11302,S
11303,k
11304,A
11305,I
11306,B
11307,D
11308,e
11309,E
11310,B
11311,P
11312,E
11313,t
11314,B
11315,o
11316,a
11317,e
11318,e
11319,M
11320,E
11321,e
11322,R
11323,I
11324,E
11325,E
11326,S
11327,e
11328,H
11329,0
11330,e
11331,5
11332,A
11333,A
11334,R
11335,O
11336,E
11337,A
11338,i
11339,o
11340,h
11341,v
11342,E
11343,i
11344,M
11345,l
11346,i
11347,O
11348,B
11349,D
11350,S
11351,O
11352,t
11353,C
11354,A
11355,y
11356,C
11357,e
11358,C
11359,a
11360,N
11361,l
11362,L
11363,A
11364,B
11365,I
11366,e
11367,A
11368,S
11369,R
11370,E
11371,a
11372,L
11373,i
11374,h
11375,0
11376,A
11377,7
11378,A
11379,a
11380,C
11381,W
11382,S
11383,e
11384,R
11385,N
11386,i
11387,e
11388,A
11389,R
11390,I
11391,L
11392,D
11393,P
11394,A
11395,I
11396,B
11397,O
11398,R
11399,O
11400,N
11401,I
11402,I
11403,L
11404,e
11405,D
11406,I
11407,I
11408,N
11409,H
11410,A
11411,F
11412,I
11413,P
11414,C
11415,P
11416,S
11417,o
11418,e
11419,J
11420,A
11421,O
11422,A
11423,A
11424,e
11425,I
11426,E
11427,A
11428,N
11429,T
11430,E
11431,R
11432,r
11433,h
11434,O
11435,S
11436,E
11437,P
11438,A
11439,P
11440,O
11441,R
11442,A
11443,A
11444,A
11445,i
11446,W
11447,E
11448,N
11449,D
11450,E
11451,I
11452,E
11453,E
11454,S
11455,P
11456,Y
11457,a
11458,E
11459,E
11460,A
11461,S
11462,t
11463,B
11464,l
11465,L
11466,I
11467,P
11468,A
11469,D
11470,7
11471,s
11472,s
11473,I
11474,D
11475,A
11476,S
11477,A
11478,E
11479,C
11480,G
11481,0
11482,I
11483,i
11484,S
11485,E
11486,B
11487,N
11488,I
11489,N
11490,U
11491,A
11492,B
11493,O
11494,E
11495,A
11496,o
11497,f
11498,3
11499,2
11500,D
11501,A
11502,E
11503,S
11504,i
11505,e
11506,5
11507,O
11508,i
11509,o
11510,a
11511,r
11512,I
11513,o
11514,E
11515,o
11516,O
11517,C
11518,H
11519,c
11520,E
11521,A
11522,M
11523,L
11524,O
11525,J
11526,A
11527,e
11528,O
11529,n
11530,6
11531,A
11532,E
11533,e
11534,A
11535,C
11536,T
11537,e
11538,P
11539,S
11540,V
11541,E
11542,R
11543,R
11544,P
11545,C
11546,E
11547,R
11548,I
11549,O
11550,O
11551,i
11552,I
11553,I
11554,t
11555,I
11556,A
11557,C
11558,R
11559,n
11560,e
11561,J
11562,I
11563,i
11564,I
11565,E
11566,A
11567,A
11568,S
11569,e
11570,M
11571,A
11572,U
11573,r
11574,T
11575,A
11576,O
11577,N
11578,L
11579,S
11580,O
11581,L
11582,E
11583,n
11584,L
11585,f
11586,E
11587,S
11588,O
11589,L
11590,2
11591,E
11592,o
11593,T
11594,O
11595,I
11596,x
11597,A
11598,I
11599,N
11600,T
11601,R
11602,A
11603,o
11604,A
11605,A
11606,E
11607,o
11608,n
11609,S
11610,r
11611,K
11612,E
11613,R
11614,A
11615,E
11616,i
11617,v
11618,A
11619,A
11620,A
11621,C
11622,l
11623,E
11624,R
11625,T
11626,l
11627,d
11628,a
11629,K
11630,T
11631,T
11632,e
11633,S
11634,A
11635,P
11636,o
11637,I
11638,M
11639,S
11640,C
11641,I
11642,l
11643,N
11644,E
11645,T
11646,B
11647,r
11648,P
11649,A
11650,I
11651,t
11652,A
11653,R
11654,o
11655,P
11656,5
11657,o
11658,A
11659,R
11660,e
11661,I
11662,L
11663,E
11664,A
11665,o
11666,s
11667,E
11668,W
11669,C
11670,I
11671,S
11672,V
11673,S
11674,N
11675,A
11676,P
11677,S
11678,A
11679,U
11680,S
11681,n
11682,w
11683,I
11684,2
11685,T
11686,i
11687,e
11688,B
11689,P
11690,C
11691,A
11692,N
11693,A
11694,R
11695,G
11696,E
11697,T
11698,e
11699,M
11700,I
11701,E
11702,S
11703,T
11704,E
11705,A
11706,B
11707,L
11708,I
11709,A
11710,e
11711,C
11712,e
11713,P
11714,A
11715,S
11716,A
11717,I
11718,e
11719,T
11720,D
11721,A
11722,n
11723,A
11724,S
11725,O
11726,H
11727,E
11728,H
11729,I
11730,E
11731,f
11732,3
11733,I
11734,C
11735,E
11736,E
11737,2
11738,I
11739,D
11740,e
11741,E
11742,e
11743,A
11744,A
11745,A
11746,V
11747,e
11748,A
11749,A
11750,H
11751,D
11752,A
11753,Y
11754,E
11755,S
11756,A
11757,t
11758,I
11759,I
11760,a
11761,A
11762,N
11763,M
11764,r
11765,e
11766,O
11767,2
11768,I
11769,U
11770,H
11771,N
11772,D
11773,N
11774,O
11775,e
11776,A
11777,I
11778,G
11779,3
11780,R
11781,S
11782,A
11783,K
11784,x
11785,I
11786,i
11787,R
11788,A
11789,A
11790,a
11791,i
11792,L
11793,V
11794,a
11795,i
11796,l
11797,i
11798,L
11799,E
11800,E
11801,N
11802,E
11803,P
11804,A
11805,I
11806,U
11807,T
11808,R
11809,K
11810,O
11811,T
11812,R
11813,o
11814,E
11815,D
11816,s
11817,S
11818,Y
11819,d
11820,N
11821,N
11822,Y
11823,n
11824,A
11825,I
11826,E
11827,E
11828,i
11829,G
11830,i
11831,t
11832,E
11833,9
11834,A
11835,a
11836,n
11837,W
11838,P
11839,E
11840,E
11841,H
11842,I
11843,H
11844,E
11845,Z
11846,I
11847,R
11848,i
11849,X
11850,E
11851,D
11852,U
11853,A
11854,D
11855,v
11856,I
11857,1
11858,S
11859,D
11860,e
11861,a
11862,U
11863,E
11864,E
11865,i
11866,A
11867,A
11868,t
11869,i
11870,I
11871,I
11872,G
11873,A
11874,E
11875,o
11876,a
11877,E
11878,e
11879,o
11880,N
11881,e
11882,E
11883,N
11884,o
11885,i
11886,S
11887,R
11888,T
11889,M
11890,l
11891,b
11892,T
11893,E
11894,e
11895,S
11896,S
11897,E
11898,O
11899,E
11900,C
11901,s
11902,H
11903,E
11904,I
11905,H
11906,H
11907,B
11908,S
11909,F
11910,L
11911,W
11912,R
11913,I
11914,R
11915,e
11916,S
11917,S
11918,E
11919,M
11920,l
11921,P
11922,V
11923,o
11924,e
11925,M
11926,R
11927,O
11928,L
11929,n
11930,A
11931,O
11932,L
11933,o
11934,t
11935,2
11936,D
11937,E
11938,L
11939,e
11940,C
11941,g
11942,N
11943,i
11944,c
11945,S
11946,A
11947,Y
11948,H
11949,O
11950,D
11951,O
11952,A
11953,T
11954,e
11955,D
11956,B
11957,G
11958,I
11959,e
11960,e
11961,U
11962,E
11963,E
11964,A
11965,R
11966,T
11967,r
11968,A
11969,i
11970,T
11971,E
11972,P
11973,S
11974,T
11975,C
11976,I
11977,E
11978,R
11979,A
11980,e
11981,P
11982,L
11983,O
11984,E
11985,n
11986,A
11987,H
11988,D
11989,E
11990,O
11991,A
11992,E
11993,A
11994,A
11995,c
11996,W
11997,J
11998,A
11999,R
12000,T
12001,I
12002,I
12003,W
12004,N
12005,r
12006,A
12007,M
12008,A
12009,E
12010,3
12011,e
12012,U
12013,E
12014,7
12015,P
12016,A
12017,A
12018,P
12019,D
12020,T
12021,E
12022,e
12023,E
12024,S
12025,e
12026,S
12027,S
12028,o
12029,I
12030,e
12031,i
12032,D
12033,i
12034,o
12035,k
12036,R
12037,r
12038,I
12039,E
12040,D
12041,D
12042,E
12043,a
12044,e
12045,A
12046,s
12047,A
12048,I
12049,A
12050,n
12051,E
12052,e
12053,E
12054,B
12055,A
12056,A
12057,H
12058,o
12059,i
12060,C
12061,B
12062,I
12063,t
12064,M
12065,a
12066,e
12067,T
12068,H
12069,i
12070,A
12071,H
12072,C
12073,A
12074,A
12075,O
12076,e
12077,R
12078,I
12079,h
12080,E
12081,e
12082,a
12083,I
12084,S
12085,D
12086,A
12087,A
12088,P
12089,S
12090,A
12091,C
12092,M
12093,I
12094,y
12095,A
12096,L
12097,M
12098,e
12099,R
12100,I
12101,r
12102,e
12103,D
12104,E
12105,I
12106,r
12107,L
12108,E
12109,O
12110,E
12111,A
12112,I
12113,E
12114,N
12115,A
12116,K
12117,E
12118,S
12119,N
12120,E
12121,V
12122,L
12123,A
12124,L
12125,T
12126,I
12127,D
12128,S
12129,S
12130,K
12131,O
12132,R
12133,E
12134,E
12135,O
12136,I
12137,Q
12138,O
12139,H
12140,P
12141,G
12142,L
12143,S
12144,A
12145,A
12146,D
12147,1
12148,e
12149,E
12150,A
12151,D
12152,E
12153,e
12154,C
12155,r
12156,T
12157,A
12158,E
12159,O
12160,E
12161,A
12162,n
12163,T
12164,o
12165,o
12166,C
12167,O
12168,P
12169,D
12170,E
12171,C
12172,A
12173,I
12174,T
12175,I
12176,B
12177,A
12178,E
12179,O
12180,E
12181,C
12182,O
12183,C
12184,C
12185,B
12186,A
12187,D
12188,l
12189,E
12190,N
12191,A
12192,E
12193,S
12194,E
12195,N
12196,I
12197,o
12198,3
12199,n
12200,A
12201,E
12202,A
12203,i
12204,T
12205,S
12206,A
12207,i
12208,Y
12209,E
12210,i
12211,T
12212,R
12213,P
12214,E
12215,E
12216,R
12217,E
12218,T
12219,H
12220,m
12221,I
12222,R
12223,N
12224,a
12225,P
12226,I
12227,o
12228,I
12229,S
12230,O
12231,2
12232,e
12233,r
12234,C
12235,E
12236,E
12237,A
12238,A
12239,T
12240,P
12241,B
12242,o
12243,T
12244,P
12245,H
12246,R
12247,M
12248,r
12249,A
12250,S
12251,E
12252,A
12253,n
12254,A
12255,E
12256,h
12257,9
12258,I
12259,e
12260,I
12261,O
12262,I
12263,D
12264,e
12265,2
12266,o
12267,B
12268,e
12269,c
12270,O
12271,O
12272,2
12273,A
12274,D
12275,O
12276,A
12277,A
12278,C
12279,e
12280,R
12281,E
12282,D
12283,i
12284,C
12285,l
12286,e
12287,E
12288,W
12289,e
12290,R
12291,B
12292,P
12293,A
12294,N
12295,O
12296,m
12297,R
12298,C
12299,e
12300,I
12301,N
12302,R
12303,O
12304,R
12305,R
12306,A
12307,O
12308,E
12309,E
12310,e
12311,A
12312,y
12313,D
12314,M
12315,A
12316,A
12317,D
12318,S
12319,n
12320,R
12321,C
12322,i
12323,A
12324,R
12325,A
12326,N
12327,r
12328,L
12329,l
12330,I
12331,D
12332,F
12333,F
12334,r
12335,O
12336,N
12337,E
12338,A
12339,7
12340,P
12341,R
12342,R
12343,E
12344,E
12345,r
12346,I
12347,O
12348,A
12349,A
12350,a
12351,S
12352,N
12353,E
12354,R
12355,n
12356,E
12357,R
12358,L
12359,I
12360,A
12361,I
12362,t
12363,V
12364,A
12365,P
12366,K
12367,H
12368,E
12369,I
12370,e
12371,O
12372,E
12373,E
12374,N
12375,v
12376,o
12377,N
12378,C
12379,C
12380,9
12381,t
12382,U
12383,O
12384,O
12385,A
12386,C
12387,t
12388,a
12389,U
12390,C
12391,I
12392,L
12393,i
12394,A
12395,P
12396,C
12397,P
12398,E
12399,d
12400,A
12401,E
12402,L
12403,B
12404,D
12405,A
12406,O
12407,E
12408,E
12409,L
12410,N
12411,O
12412,A
12413,2
12414,t
12415,a
12416,i
12417,I
12418,0
12419,7
12420,L
12421,A
12422,I
12423,R
12424,R
12425,R
12426,A
12427,R
12428,E
12429,O
12430,E
12431,K
12432,f
12433,R
12434,i
12435,E
12436,E
12437,A
12438,e
12439,P
12440,R
12441,a
12442,A
12443,3
12444,0
12445,A
12446,B
12447,E
12448,o
12449,L
12450,A
12451,A
12452,A
12453,E
12454,i
12455,c
12456,I
12457,I
12458,X
12459,I
12460,A
12461,S
12462,i
12463,C
12464,y
12465,E
12466,a
12467,e
12468,e
12469,N
12470,C
12471,l
12472,q
12473,e
12474,E
12475,A
12476,a
12477,A
12478,n
12479,A
12480,O
12481,i
12482,A
12483,L
12484,o
12485,N
12486,P
12487,A
12488,m
12489,e
12490,E
12491,S
12492,R
12493,A
12494,S
12495,C
12496,E
12497,I
12498,A
12499,0
12500,o
12501,A
12502,X
12503,M
